run_date,ticker,tier,accruals_flag,revenue_flag,capex_flag,balance_sheet_flag,leverage_flag,governance_flag,market_flag,text_flag,sector_flag,flag_details,run_id,status,schema_version
2026-04-17,AAPL,Green,0,0,0,0,0,0,0,0,0,clean baseline; CFO/NI 0.99,legacy,complete,
2026-04-17,CVNA,Green,0,0,0,0,0,0,0,0,0,"CFO/NI 0.74 (close to 0.8 threshold but single year — rule requires 2yr pattern). Baseline misses historical concerns (high goodwill, DSO, inventory days) — ESCALATE in full run with financial_statements",legacy,complete,
2026-04-17,AHCO,Yellow,0,0,0,0,1,0,0,0,1,"Fresh 2.03 debt event 4 days ago. Distressed health + known roll-up sector with $1.74B long-term debt (from edgar_notes(Debt) earlier). Sector rubric (goodwill %, same-store, contingent consideration) needs edgar_notes access — auto-escalate in full run",legacy,complete,
2026-04-17,CVS,Yellow,0,0,0,0,1,1,0,0,0,"Net debt/EBITDA 6.06 (high), NI down 62% YoY, operating margin 1.2%, health_hint='weak'. 5.02 Director change last month. PBM/managed-care sector flags (MLR, risk-adjust, DOJ) require edgar_notes",legacy,complete,
2026-04-17,HIMS,Yellow,0,0,0,0,0,0,1,0,0,3-insider sell cluster Dec 17-22 (amount threshold unverifiable from company_brief — needs holdings data). Rev +59% but NI flat YoY = margin crush worth watching. FCF margin -4% despite 74% gross margin,legacy,complete,
2026-04-17,JNJ,Green,0,0,0,0,0,0,0,0,0,clean baseline; fresh 8.01 worth a follow-read in full run,legacy,complete,
2026-04-17,DXCM,Yellow,1,0,0,0,0,1,0,0,0,**CFO/NI = 0.075** — rule fires (<0.5 with positive NI). $836M NI vs $62.7M CFO is a $773M earnings-vs-cash gap. FCF margin -6.5% despite 18% net margin. Two 5.02 director changes within 4 days. ESCALATE: financial_statements for BS deltas + edgar_notes(Revenue/Policies),legacy,complete,
2026-04-17,TMDX,Yellow,1,0,0,0,0,0,0,0,0,**CFO/NI = 0.004** — most extreme reading in smoke test. $190M NI but CFO is essentially $0 ($795k). 31% net margin with negative FCF margin. NOP (logistics) revenue model deserves edgar_notes(Revenue/Policies) review — this is exactly what the accruals flag is designed to catch,legacy,complete,
2026-06-14,AGL,Red,0,0,0,1,0,1,0,0,1,"Surviving securities-fraud litigation (consolidated class action into discovery Aug-2025 re misstated medical margin/Adj EBITDA/guidance; new Vandersluis suit Dec-2025; Sinha derivative Feb-2026). Sector IBNR: medical claims payable flat $932M->$930M vs revenue growth (possible under-reserve). Balance sheet: receivables -34% ($1,017M->$674M), equity collapsed $471M->$127M, accumulated deficit -$1,978M, D/E 9.0, CFO -$106M. RADV exposure. 3+ families + surviving fraud suit = Red.",legacy,complete,
2026-06-14,ALHC,Yellow,0,0,0,0,0,0,1,0,0,"MARKET: heavy insider sell cluster (24 sells vs 3 buys, 10 unique insiders, net -$29.9M; 25%-of-holdings clause unverifiable, skipped). DATA GAP: only FY2024 10-K available (473 days stale, no FY2025 10-K in EDGAR yet). Fundamentals seen are clean (AR +28% < rev +47%, allowance $0 normal for MA premium, goodwill 4.5%). 1 family + stale-data watch = Yellow.",legacy,complete,
2026-06-14,ARDT,Green,0,0,0,0,0,0,0,0,0,"Post-IPO (2024) JV hospital model. Net debt/EBITDA 0.88 (low), positive equity $1,288M, current 1.97. CFO/NI 3.46 — cash FAR exceeds earnings (NI conservative, not inflated); NI -35% YoY but CFO +49%. Insider bullish. 0 families.",legacy,complete,
2026-06-14,CAH,Yellow,0,0,0,1,0,0,0,0,1,"Balance-sheet/sector: inventory days ~28.7d vs ~26.0d prior (+2.7d, below >5d distributor channel-stuffing threshold but rising); inv +12.5% outpaces ~2% organic rev growth — but M&A-driven (GI Alliance / Integrated Oncology Network lifted goodwill+intangibles $6.45B->$12.18B = roll-up watch, sector fam 5). Opioid litigation ongoing. CFO -36% YoY (anomaly). Negative equity -$2.78B by-design. 2 families = Yellow.",legacy,complete,
2026-06-14,CLOV,Yellow,0,1,0,0,0,1,0,0,0,"REVENUE/receivable bloat: healthcare receivables $51.5M->$94.9M (+84%) and accrued retrospective premiums $41.3M->$63.9M (+55%) vs revenue +~33% — AR growing >2x revenue. GOVERNANCE: 8-K 5.02+8.01 (2026-04-01); insiders bearish (15 sells, 0 buys). Concern: CFO NEGATIVE -$66.9M alongside NI -$85.5M; unpaid claims flat despite growth (possible days-claims-payable decline). 2 families = Yellow.",legacy,complete,
2026-06-14,CNC,Red,0,1,0,0,0,1,1,0,1,"4 families. GOVERNANCE: NEW Jul-2025 securities class action (Brock Lunstrum v. Centene) + 5 derivative suits alleging false/misleading 2025 EARNINGS GUIDANCE. REVENUE: guidance-misstatement goes to premium-estimate reliability. SECTOR fam 9: contingencies note discloses ACTIVE CMS risk-adjustment, False Claims Act, and min-MLR/rebate regulatory reviews. MARKET: insider net selling. Net LOSS -$6.67B FY2025 (-302% YoY) vs +$3.3B prior. ROE -33%, D/E 2.83.",legacy,complete,
2026-06-14,COR,Yellow,0,0,0,0,0,0,0,0,1,"Sector (9 + roll-up 5): opioid litigation reserve $3.88B (declining from $4.30B); goodwill STEP-UP +$4.36B YoY ($9.32B->$13.68B, Retina Consultants/specialty M&A) = roll-up watch, goodwill 17.9% of assets. Channel-inventory CLEAN: inv days ~24.2d (flat/down); AR +5.7% < rev ~+11%. CFO/NI 2.49 strong, net debt/EBITDA 1.0x, insiders bullish (4 buys, 0 sells). 2 soft families = Yellow.",legacy,complete,
2026-06-14,CVS,Red,0,0,0,0,1,1,1,0,1,"3+ families. SECTOR FCA: $291M Behnke judgment reserve + $165M Omnicare penalty reserve (Bassan qui tam) recorded FY25 + DOJ-intervened RI opioid/CSA qui tam (Dec-2024) + Shea Medicare Advantage kickback DOJ intervention (May-2025); $4.0B opioid accrual. SECTOR risk-adjustment: DOJ CIDs on MA diagnosis-code submissions + RADV audits. SECTOR PBM: FTC complaint (Sep-2024) + rebate MDL. GOV/market: 2024-25 securities class actions on Health Care Benefits profitability; insider net -$361M/90d. LEVERAGE D/E 2.36, health STRESSED.",legacy,complete,
2026-06-14,CYH,Yellow,1,0,0,0,1,0,0,0,0,"LEVERAGE fires hard: total debt $10.4B vs negative equity -$1,394M, total liabilities $14.04B EXCEED total assets $13.20B (debt/assets 1.06), net debt/EBITDA 5.29, newest 2033/34 notes at 9.75-10.875% (deep-distress coupons), $804M annual interest on $12.5B revenue, ABL springing-maturity covenant. ACCRUALS/NI-quality soft: 2025 NI swung to +$509M but propped by $107M after-tax debt-extinguishment gain + divestiture gains; FCF margin 1.7%. Goodwill 25% (declining via impairments, no fire). 2 families = Yellow.",legacy,complete,
2026-06-14,DVA,Yellow,0,0,0,0,1,0,1,0,0,"LEVERAGE: stockholders' equity NEGATIVE -$651M (buyback-driven; debt/assets 0.934). MARKET: insider net -$200.4M over 90d, 12 insiders incl CEO-level sells (below strict 3x>25%-holdings rule but large $ cluster). Accruals CLEAN: CFO/NI 2.53. NI -20.2% YoY. No governance event (6/8 8-K = new credit agreement, routine). Dialysis sector carries structural FCA tail but NO new matter disclosed. Berkshire top holder. 2 families = watch.",legacy,complete,
2026-06-14,ELV,Green,0,0,0,0,0,0,0,0,0,"CFO/NI 0.76 — below 0.8 but >0.5, accruals combination not met (no Sloan>10% confirmation, single year). Net margin 2.8% thin (MLR pressure, disclosed). Liquidity ok (current 1.54), D/E 1.76. Recent 8-Ks routine; no 4.01/4.02/NT, no new FCA. 0 families.",legacy,complete,
2026-06-14,ENSG,Green,0,0,0,0,0,0,0,0,0,"No families fire. Goodwill only $98M = 1.8% of assets — Ensign owns real estate (Standard Bearer captive REIT) rather than booking acquisition goodwill, so NOT a goodwill roll-up despite acquisitive growth. CFO/NI 1.64 strong (CFO +62.5% YoY). DSO ~46d; AR +11.8% < rev +18.8%. Net cash. Insider 'bearish' (22 sells/6 buys) but net only -$1.3M — does NOT meet cluster rule. Best balance sheet of the group.",legacy,complete,
2026-06-14,EVH,Red,0,0,0,1,1,0,0,0,1,SECTOR roll-up/goodwill: $398.0M non-cash goodwill impairment FY2025 (share price $23.35->$6.67) — classic VBC roll-up failure. BALANCE SHEET: goodwill 36.6% + intangibles $585M => goodwill+intangibles = 67% of total assets. LEVERAGE: LT debt nearly doubled $491M->$971M; ST debt $171M->$0 (refi into LT). NI -$534M impairment-driven; CFO +$39M; reserve for claims -40%; equity halved. Insiders neutral/positive. 3 families = Red.,legacy,complete,
2026-06-14,HCA,Green,0,0,0,0,1,0,0,0,0,"Leverage family only: net debt/EBITDA 3.04, negative stockholders' equity -$6,027M (structural from buybacks, drives ROE -2.45). CFO/NI 1.86 = strong cash backing, no accruals flag. No governance items (recent 5.02 officer / 2.03 debt routine). 1 family = Green.",legacy,complete,
2026-06-14,HUM,Green,0,0,0,0,0,0,0,0,0,CFO/NI 0.78 — below 0.8 but accruals combination needs Sloan>10% AND 2 consecutive yrs (not confirmed) OR CFO/NI<0.5 (not met). NI down to $1.19B on disclosed medical-cost trend. 8-K 2.03 (new debt) routine. Liquidity strong (current 2.0). No new FCA/governance. 0 families fully fire.,legacy,complete,
2026-06-14,MCK,Yellow,0,0,0,0,0,0,0,0,1,"Sector (7/9): ongoing opioid distribution FCA/litigation; total opioid liability $5.69B (DOWN from $6.38B, being paid); new DOJ FCA CIDs Jul-2024 (Sun Pharma copay) + Mar-2025. Channel-inventory CLEAN: inv days 22.7d vs 24.3d (FELL 1.6d, opposite of stuffing); AR +9.1% < rev +12.4%; DSO 25.3 vs 26.1. CFO/NI 1.29 healthy. Goodwill 13.7%. Negative equity -$2.17B by-design (buybacks/AP float). Only sector-legal family fires = Yellow.",legacy,complete,
2026-06-14,MOH,Yellow,1,0,0,0,0,0,0,0,0,"ACCRUALS fires: CFO -$535M vs positive NI +$472M = the general fam-1 'CFO/NI<0.5 with positive NI' rule. NI -60% YoY. Driven by $4.15B of prior-year claims paid in 2025 (timing). COUNTER-SIGNAL: sector fam 3/4 do NOT fire — favorable prior-year reserve development collapsed to $98M (2025) from $675M (2024)/$427M (2023), i.e. reserve STRENGTHENING not smoothing. Insider bearish but only 3 (sub-cluster). 1 family + anomaly = Yellow.",legacy,complete,
2026-06-14,OPCH,Green,0,0,0,1,0,0,0,0,0,"One family fires firmly: BALANCE SHEET — goodwill $1,606.7M = 46.5% of assets (>40% general, but below 50% sector roll-up threshold so sector family does NOT fire). Soft watch (not firm): inventory +21.4% vs rev +13.0% (~1.6x, infusion-drug stockpiling, single-year); CFO declined 3 straight years (-20% in 2025) while revenue grew, but CFO/NI still 1.24. DSO ~31d stable. Net debt ~2x EBITDA. No governance. 0-1 firm families = Green (monitor cash conversion).",legacy,complete,
2026-06-14,OSCR,Yellow,0,0,0,0,0,1,0,0,1,"SECTOR (bad-debt/allowance): allowance for credit losses fell $31.3M->$7.2M (-77%) while premiums/AR rose $316M->$443M (+40%) — allowance/gross AR declining while receivables grow. GOVERNANCE: 8-K 5.02 officer change (2026-06-02); two CFOs listed (Blackley + Sankaran) implying CFO transition. Context: NI swung +$25M->-$443M; risk-adjustment transfer payable surged +66%; CFO +$1,095M so accruals don't fire. 2 families = Yellow (no critical 4.02/4.01/NT).",legacy,complete,
2026-06-14,PACS,Red,0,0,0,0,0,1,1,0,1,"GOVERNANCE (critical): 8-K Item 4.02 non-reliance on prior financials filed 2025-06-16; active SEC Division of Enforcement investigation into accounting/financial reporting & ICFR; repeated 5.02 officer departures (2025-08-15, 09-08, 2026-03-05, 04-27). MARKET/SECTOR (DOJ FCA): 4 separate DOJ Civil Investigative Demands + HIPAA subpoena re False Claims Act (PDPM upcoding, 1135 waiver, anti-kickback); securities class action (Manchin) + derivative suits alleging multi-year revenue-inflation. Goodwill 1.2% (leases facilities). CFO/NI 2.11. Textbook Red.",legacy,complete,
2026-06-14,SGRY,Red,0,0,0,1,1,0,0,0,1,"SECTOR roll-up/goodwill: goodwill $5,194.6M = 64.0% of assets (>50%), grew $4,326M(2023)->$5,194.6M via continued acquisitions. BALANCE SHEET BLOAT: goodwill >40%. LEVERAGE: net debt ~$3,462M / EBITDA ~$565M = ~6.1x. Recurring 'transaction & integration costs' ~2-3% of rev for 3yrs. Reported net loss -$77.9M to SGRY while consolidated profit +$98.9M (NCI net income $176.8M exceeds consolidated) — classic roll-up where minority interest absorbs economics. CFO +$274.3M. No 4.02. 3+ families = Red.",legacy,complete,
2026-06-14,THC,Green,0,0,0,0,1,0,0,0,0,"Leverage family only: D/E 3.44, debt/assets 0.70, health 'stressed' — but deleveraging (total liabilities $23.3B->$20.7B 2021-25) and ROE 23%. CFO/NI 1.50 strong; CFO +73% YoY (upward = positive). Insider mixed (33 buys vs 14 sells, no cluster, net -$2.2M). No governance. 1 family = Green.",legacy,complete,
2026-06-14,UHS,Green,0,0,0,0,0,0,0,0,0,"Cleanest of the hospital group: net debt/EBITDA 1.77 (lowest), ROE 20.3%, positive equity $7,276M. CFO/NI 1.25 strong. Revenue +9.7%, NI +30%. Insider balanced (19/19, net -$2.1M). Two 5.02 officer-change 8-Ks (Mar+May 2026) routine, not for-cause. 0 families.",legacy,complete,
2026-06-14,UNH,Green,0,0,0,0,0,0,0,0,0,"CFO/NI 1.63 (cash-backed). Health 'stressed' = margin compression (net 2.7%, op 4.2%), not accounting. D/E 2.08 elevated but single ratio. Legal: 2017 DOJ FCA risk-adjustment case is PRE-EXISTING and a Special Master recommended summary judgment FOR UNH (Mar-2025) — not a NEW FCA, sector fam 9 does not fire. RADV routine. 5.02 = Conway/Hemsley leadership transition (public). 0 families.",legacy,complete,
2026-06-14,USPH,Yellow,0,0,0,1,0,0,0,0,1,"SECTOR roll-up/goodwill: goodwill $692.4M = 57.5% of assets (>50%), active roll-up $509.6M(2023)->$692.4M. BALANCE SHEET BLOAT: goodwill >40%. CFO/NI 1.90 healthy; DSO ~30d stable; AR +8.8% < rev +16.3% (clean). Low leverage (~1x). Large redeemable NCI typical of clinic-partnership model. 2.03 (Apr-2026) routine revolver draw. No 4.01/4.02/NT. 2 families = Yellow (goodwill-impairment watch).",legacy,complete,
2026-06-14,ALGN,Green,0,0,0,0,0,0,0,0,0,"No families fired. CFO/NI 1.45 (healthy). Revenue flat +0.9% YoY, GM stable 67.2%. Insider neutral (29 buys/0 sells). HMRC VAT (~$100M) settled favorably at Tax Tribunal Apr-2025, refunded; HMRC appeal scheduled May-2026 (disclosed). No distributor channel-stuffing, consignment build, or recall-reserve issue evident.",legacy,complete,
2026-06-14,ATEC,Yellow,0,0,0,0,1,1,0,0,0,"LEVERAGE: 8-K 5/5 items 1.01/1.02/2.03 = debt refinancing + new direct financial obligation; short-term debt spiked $1.7M->$64.5M; $17.6M loss on debt extinguishment; interest expense $45.9M; equity razor-thin $12.4M; net debt ~$405M. GOVERNANCE: repeated 5.02 officer departures (3/3 and 6/11). OPERATIONS CLEAN for high-growth spine: revenue +25%, inventory DOWN -3.3% & inv-days -22% (field inventory controlled), DSO -6%, CFO turned positive +$45.2M. 2 families = Yellow.",legacy,complete,
2026-06-14,BAX,Yellow,0,0,0,0,1,1,0,0,0,"Leverage: D/E 2.29, revolver max-net-leverage covenant amended UPWARD Nov 2025 (stress signal); debt on-BS, well-laddered, no 2026 maturities, Kidney Care proceeds repaid bridge. Governance: repeated 5.02 officer/CEO churn across Feb/Mar/May 2026 (new CEO Brent Shafer). Two consecutive net-loss years (-649, -957). No 4.02/restatement/auditor/late-filing critical item, so not auto-Red.",legacy,complete,
2026-06-14,BDX,Yellow,0,0,0,1,1,0,0,0,0,Balance-sheet: goodwill 48.1% of assets (>40% roll-up/impairment risk). Leverage: net debt/EBITDA 3.37 + new 1.01/2.03 debt 8-K May 2026; quick ratio 0.645. CFO/NI 2.04 very clean. AR/inventory flat. Insider mixed-negative but no qualifying cluster.,legacy,complete,
2026-06-14,DXCM,Green,0,0,0,0,0,0,0,0,0,"NO families fired. CFO/NI 1.72 (accruals CLEAN). Revenue +15.6%; AR +20.9% (1.34x revenue growth, BELOW 1.5x); DSO 91->95d (+4.6%, well under 15%). Inventory +15.9% in-line. Goodwill 0.4%. Convertibles offset by cash+securities. PRIOR SMOKE-TEST ACCRUALS FLAG NOT RE-CONFIRMED — clean (was a low-prior-NI artifact).",legacy,complete,
2026-06-14,GEHC,Yellow,0,0,0,1,0,0,0,0,0,"Balance-sheet bloat: inventory +15.2% YoY (1939->2234) and receivables +10.9% (3566->3955) both >1.5x revenue growth (+4.8%). CFO/NI 0.95 clean. Leverage elevated (D/E 2.53, debt/assets 0.71) but on-BS/manageable (~3.3x net-debt/EBITDA). Goodwill 36.6% of assets. Single 5.02 officer change (not a cluster). 1 family = watch working-capital build.",legacy,complete,
2026-06-14,GH,Yellow,0,0,0,0,0,0,1,0,0,"MARKET FIRES: 6-seller cluster 5/18-5/22 (HIGH severity), 5 insiders each sold >25% of holdings in 30d (Krognes 47.6%, Joyce 32.4%, Hidalgo 61%, Clark 69.8%, Freeman 28.9%); net -$51.4M, none under 10b5-1. CONTEXT: NEGATIVE stockholders' equity -$99.3M (2nd straight yr) and operating cash burn CFO -$184.8M on -$416.3M loss. Convertibles normal capital-markets (leverage doesn't fire). No 4.01/4.02/NT. 1 hard family + negative-equity watch = Yellow.",legacy,complete,
2026-06-14,GMED,Green,0,0,0,0,0,0,0,0,0,"No family fires on combinations. DSO +4.3% (AR +21.7% vs rev +16.7% = 1.30x, below 1.5x). Inv days +24.5% but driven by COGS -7.5% (Nevro purchase-accounting artifact); inventory +15.2% tracks revenue. Goodwill 27.1%. KEY CAVEAT: NI +422% inflated by one-time $117.7M non-cash bargain-purchase gain (Nevro) — NI quality, not a defined family flag. CFO/NI 1.40 cash-backed. Net cash.",legacy,complete,
2026-06-14,INMD,Green,0,0,0,0,0,0,0,0,0,"DATA-LIMITED: foreign private issuer (20-F/6-K, not 10-K) — financial_statements/trends unavailable, so DSO/inventory/AR/goodwill UNOBTAINABLE and Form 4 absent. On obtainable data: CFO/NI 0.91 (slightly soft), revenue $370.5M (down materially from ~$500M peak), NI $93.8M. Context: China/distributor + short-seller interest, but channel-inventory cannot be measured here. Per 'never invent,' no family fired without line items. Flagged as data-gap — 20-F manual read needed.",legacy,complete,
2026-06-14,ISRG,Green,0,0,0,0,0,0,0,0,0,"No families fire. CFO/NI 1.06 (healthy). Revenue +20.5%, NI +23.0%, GM 66%, current ratio 4.9, D/E 0.14. SECTOR: total inventory +23.7% just above revenue +20.5% but NOT >1.5x (threshold not met); finished goods +38% is a soft build-ahead signal worth watching but does not fire the rule. No consignment line. Insider 'bearish' but immaterial (net -$2.9M, 16 sells/6 insiders, short of cluster). 5.02 routine.",legacy,complete,
2026-06-14,MASI,Red,0,0,0,0,0,1,1,0,0,"CRITICAL GOVERNANCE = automatic Red. 8-K filed 2026-06-10 carries items 5.01 Change in Control, 5.02 Departure of Officers, 3.01 Notice of Delisting, 2.01 Completion of Acquisition, 1.02 Termination of Material Agreement, 3.03 + 5.03 — merger closed, Masimo now a wholly owned subsidiary of Parent (taken private). MARKET also fires: 90-day insider bearish, 62 sells vs 11 buys, 13 insiders, net -$865.8M (merger cash-out). Accruals not flagged (NI -151.5M, CFO +217.8M). Driven by the critical governance item.",legacy,complete,
2026-06-14,NTRA,Green,0,0,0,0,0,0,0,0,0,"No families fired at threshold. NI -$208.2M (loss) but CFO +$215.3M and rising — positive CFO on a net loss is favorable. Revenue +35.9%; AR FELL $314.2M->$296.5M (DSO ~68->47d) — revenue quality clean. Inventory +53% but tiny ($68.4M on $2.3B revenue). Goodwill 5.9% (Q4 acquisition). MARKET WATCH (soft, sub-threshold): 7-seller insider cluster, -$43.9M net, but only ~2 insiders clearly >25%, strict bar not met.",legacy,complete,
2026-06-14,PHG,Green,0,0,0,0,0,0,0,0,0,"DATA-AVAILABILITY LIMITED — foreign private issuer files 20-F. company_brief returned revenue/equity/operating_cash_flow = null; only NI $897M and total assets $26,944M available; financial_snapshot errored; edgar_notes rejects 20-F, so Respironics CPAP warranty/product-liability + contingencies note text could NOT be retrieved. No 8-K governance item (files 6-K). No family can be evaluated → Green BY RULE, but this is a DATA GAP not a clean bill — Respironics recall reserve adequacy unverifiable; flag for manual 20-F read.",legacy,complete,
2026-06-14,PODD,Green,0,0,0,0,0,0,0,0,0,"Clean. CFO/NI 2.30, gross margin 71.6%, current ratio 2.81, moderate leverage (D/E 1.10). No governance items (routine 7.01/5.03 only). Negligible goodwill. 0 families.",legacy,complete,
2026-06-14,SOLV,Yellow,1,0,0,0,0,0,0,0,0,"Accruals: CFO/NI 0.24 (CFO collapsed $1,915M->$1,185M->$369M over 3yr, CAGR -39.6%) while NI surged +225% to $1,556M (one-time-looking — read the NI bridge). Goodwill 39.9% of assets (just under 40%). Inventory +10.5% vs low-single-digit revenue (near-miss). Spin debt deleveraged (LT debt $7,810M->$5,035M, net-debt/EBITDA 1.56). 5.02 items are mgmt transitions. Widest earnings-vs-cash gap in the batch.",legacy,complete,
2026-06-14,STAA,Red,0,1,0,1,0,1,0,0,1,"4 families. SECTOR (consignment/write-off): consigned finished-goods inventory +548% ($1.484M->$9.619M) while revenue FELL -23.7%; inventory reserves +129%. BALANCE-SHEET BLOAT: total inventory +28% and inventory days 213->355d (+67%) while revenue collapsed -24% — income statement running behind demand. REVENUE QUALITY: net sales $313.9M->$239.4M (-23.7%); allowance for sales returns +55%. GOVERNANCE: interim co-CEO structure, repeated 5.02 (2/5 and 6/9). CFO -$34.2M, NI -$80.4M. Field-inventory build into a demand collapse.",legacy,complete,
2026-06-14,SYK,Green,0,0,0,0,0,0,0,0,0,"No families fire. CFO/NI 1.55 (healthy). Net debt/EBITDA 2.03 (moderate, roll-up acquirer, disclosed). FCPA: SEC and DOJ BOTH CLOSED their inquiries during 2025 (fam 7 does NOT fire). Warranty/recall: legacy hip recalls accrued at $144M best-estimate (reserved, not under-reserved). Supplier-finance program flat/immaterial ($75M vs $71M, longstanding — leverage-hiding does NOT fire). Insider mixed (27 buys/25 sells, no qualifying cluster). 5.02 routine.",legacy,complete,
2026-06-14,TEM,Yellow,0,1,0,0,0,0,0,0,0,"REVENUE-QUALITY WATCH: revenue +83.4% heavily acquisition-driven (Ambry — goodwill $73M->$470M, intangibles $12M->$355M). AR +101% ($154.8M->$311.2M) OUTPACES revenue +83% (~1.2x, just under 1.5x); DSO 81.5->89.3d (+9.6%). Acquisition makes organic comps opaque and AR growth hard to trust this cycle. Cash burn WORSENED: CFO -$218.1M (vs -$189.0M PY) on -$245.0M loss. Goodwill 20.7%. Insider cluster is RSU-withholding + Lefkofsky 10b5-1 (market does NOT fire). 1 soft family + comp opacity = Yellow.",legacy,complete,
2026-06-14,TMDX,Green,0,0,0,0,0,0,0,0,0,"NO families fired. CFO $192.8M / NI $190.3M = 1.01 (accruals CLEAN). AR FELL $97.7M->$84.3M while revenue grew (DSO ~81->51d, down sharply). Inventory flat. Goodwill 1.1%. Net debt ~negligible. Insider neutral (9 buys, 0 sells). PRIOR SMOKE-TEST ACCRUALS FLAG NOT RE-CONFIRMED — was a false positive from tiny prior-year NI; FY25 NI scaled up and CFO now fully backs earnings.",legacy,complete,
2026-06-14,ZBH,Green,0,0,0,1,0,0,0,0,0,"Balance-sheet family: goodwill 43.1% of assets (>40%, post-Paragon28 roll-up) AND AR +15.1% vs revenue +7.2% (2.1x). DSO 75.6d (+15.2% YoY) at threshold but revenue ACCELERATING (3.9%->7.2%) so revenue-quality combo does NOT fire. Inventory days fell. CFO/NI 2.41 strong. Net debt ~$6.9B (~3.0x EBITDA, acquisition-driven). 1 family = Green (watch receivables).",legacy,complete,
2026-06-14,APP,Yellow,0,1,0,0,0,0,1,0,0,"Revenue: gross margin +~400bps YoY (83.9->87.9%) on agent/net-revenue model that 2025 short-sellers dispute (ad-attribution/revenue-quality). Market: bearish insider 182 sells/9 buys net -$118M, 3-insider cluster (CEO+Secretary+director) 6/4-6/11. BUT on-filing forensic ratios CLEAN: CFO/NI 1.19, AR -16% as %rev (DSO 145->121d), capitalized software immaterial, goodwill 21%. Single 5.02 (routine). Short-seller thesis is off-filing; statement ratios do not corroborate.",legacy,complete,
2026-06-14,SHOP,Green,0,0,0,0,0,0,0,0,0,"Clean. CFO/NI 1.65, tiny trade AR (~14 DSO, paid upfront), goodwill 3.2% of assets, net cash, convertible debt being repaid. No governance items.",legacy,complete,
2026-06-14,NOW,Green,0,0,0,0,0,0,0,0,0,"Clean. CFO/NI 3.11 (very strong), AR +17.3% < revenue +20.9% (DSO 74->72d), deferred revenue +21.9% growing in line (healthy backlog). Goodwill 13.7%; jump 1273->3578 explained by disclosed 2025 acquisition. New 2.03 credit facility (routine).",legacy,complete,
2026-06-14,ORCL,Green,0,0,0,0,0,0,0,0,0,"CFO/NI 1.67 strong, AR +8.7% in line with revenue, DSO 54d. WATCH (no family fires strictly): goodwill 37.0% of assets (near 40%), PP&E +102% (21.5B->43.5B data-center capex), negative FCF margin -0.7%, D/E ~4.5x. Leverage is on-BS/disclosed (no off-BS factoring/VIE/ST-LT-shift) so Family 5 (hiding) does not fire. Capex is genuine cloud buildout.",legacy,complete,
2026-06-14,TTAN,Yellow,0,0,0,1,0,0,0,0,0,"Balance sheet: goodwill 49.3% of assets (>40% roll-up/impairment risk) = family fires. Soft revenue-quality signal: allowance for doubtful accounts +155% (4.7M->12.0M). DSO ~21d, contract assets in line, internal-use software +9.7% < revenue +27% (no capex flag). Loss-making (NI -160M) but CFO +110M positive (SBC-driven). Post-Dec-2024-IPO insider selling, small/no qualifying cluster. LT debt fully repaid.",legacy,complete,
2026-06-20,HCA,Green,0,0,0,0,0,0,0,0,0,"0 families. CFO/NI 1.86 (strong cash backing, no accruals flag). Negative equity -$6.0B is structural from buybacks (drives ROE -2.45) — not a flag. net-debt/EBITDA 3.04x is VISIBLE on-BS leverage, not the leverage-hiding family (off-BS/factoring/VIE) -> leverage_flag cleared vs 2026-06-14. Recent 5.02/2.03 routine, no critical governance. GREEN.",legacy,complete,
2026-06-20,STAA,Red,0,0,0,1,0,1,0,0,1,"3 families (balance_sheet + sector + soft governance). BALANCE-SHEET: inventory net +28% ($43.3M->$55.5M) while revenue/gross-profit ~-24%. SECTOR (medtech consignment): consigned inventory +548% ($1.484M->$9.619M), returns allowance +55% — field-inventory build into a demand collapse. GOVERNANCE soft: interim co-CEO, repeated 5.02 (not critical). Accruals NOT fired (NI -$80.4M < 0). Goodwill immaterial ($1.8M). revenue_flag refined off vs 06-14 (AR fell -36%, no DSO/premature-rec fingerprint). CFO -$34.2M (from +$15.7M). RED preserved via legitimate families.",legacy,complete,
2026-06-20,ACHC,Red,0,0,0,0,1,1,0,0,1,"3 families. SECTOR (roll-up/goodwill, corroborated by IMPAIRMENT): $968M goodwill write-down FY2025 (goodwill $2,264.9M->$1,296.3M) = the cause of the -$1.103B net loss (CFO +$132M positive, so non-cash). LEVERAGE: LT debt +$591M ($1,880M->$2,471M). GOVERNANCE soft: CFO transition (Duckworth/Young). Behavioral-health roll-up; verify any new DOJ/admissions matter next pass. Goodwill counted once in sector (no double-count).",legacy,complete,
2026-06-20,AGL,Red,0,0,0,1,0,1,1,0,1,"4 families. BALANCE-SHEET: equity collapsed to $127M, negative CFO -$105.8M, ROE -3.09, debt/equity 9.0x, 'stressed' health. SECTOR (VBC IBNR/risk-adjustment): under-reserve concern (verify medical-claims-payable vs revenue next pass). MARKET: bearish insiders (10 sells, net -330k sh). GOVERNANCE soft: 5.02 officer + 3.03/5.03 charter amendment. Securities class action survived MTD (legal/market context, not critical-gov). Red preserved via legitimate families (June: Red).",legacy,complete,
2026-06-20,ACH,Red,0,0,0,1,1,0,0,0,1,"Distressed. -$1.101B net loss, NEGATIVE equity -$461M, negative CFO -$101.8M (Accendra Health, fka Owens & Minor). Loss likely a large goodwill impairment (distribution + Patient Direct roll-up). Repeated 1.01/2.03 refinancing under stress (Jun 15, May 11). BALANCE-SHEET (impairment/neg equity) + LEVERAGE (refi distress) + SECTOR (distributor). financial_snapshot TIMED OUT -> re-escalate next batch for impairment/debt-covenant specifics. RED.",legacy,complete,
2026-06-20,AHCO,Yellow,0,0,0,0,0,1,0,0,1,"2 families -> Yellow (NOT Red). High goodwill 58% of assets ($2,500M) but goodwill-% ALONE does not fire (recalibration): CFO is strongly positive (+$601.8M) and the company is DELEVERAGING (LT debt $1,965M->$1,716M). Goodwill fell $175M but with assets-held-for-sale $52.7M->$0 it looks DIVESTITURE-driven, not impairment -> VERIFY impairment vs divestiture next pass (would tip sector to a corroborated flag). Small -$70.8M loss. GOVERNANCE soft: 5.02 officer. DME roll-up (April-smoke-test Red on historical issues) now correctly Yellow.",legacy,complete,
2026-06-20,ADUS,Green,0,0,0,0,0,0,0,0,0,"0 families. Profitable (NI +$95.9M), CFO/NI 1.16 (healthy cash conversion). Home-care roll-up with goodwill but NO impairment/distress corroborator, so goodwill does not fire (recalibration). Insider activity tiny (net +9.5k sh). Routine events only. GREEN.",legacy,complete,
2026-06-20,ALHC,DataGap,0,0,0,0,0,0,0,0,0,"DATA GAP (manual review) - latest annual XBRL = FY2024 (period_end 2024-12-31, ~18 months stale); no FY2025 10-K surfaced. Cannot evaluate the 10-K-based rubric on 18-mo-old financials. MANUAL: verify whether ALHC is genuinely late on the FY2025 10-K (would be a critical-governance late-filing signal) vs an MCP XBRL lag. CONTEXT for reviewer: current bearish insider cluster (19 sells, net -1.245M sh, -$28M value, 90d). June run had ALHC Yellow on stale data; recalibration correctly routes to Data Gap.",legacy,complete,
2026-06-25,AMN,Yellow,0,0,0,0,0,0,0,0,0,"No family fires on present data. Governance coverage complete: 8-K events are routine (2.02 earnings, 5.02 officer changes, 5.03 bylaws, 5.07 votes, 9.01) with NO Item 4.02, restatement, auditor-disagreement, or NT late filing — neither critical (6a) nor clearly soft (6b) governance triggered. Market partial: no insider selling clusters detected. Sector (hc_services staffing, not a classic roll-up): a goodwill+long-lived impairment was recorded in FY2025 (a corroborator under Family 5), but goodwill-as-% of total assets is unavailable so the >50% gate cannot be confirmed — absence is not a flag, so sector left 0. Accruals/revenue/capex/balance_sheet/leverage all unavailable with no present signal that independently fires.",28179258026,fetch_failed,1
2026-06-25,AMWL,Yellow,0,0,0,0,0,1,0,0,0,"governance=soft: multiple Item 5.02 leadership-change 8-Ks over trailing 24 months (officer/director departures and appointments) constitute repeated turnover, firing the soft governance family as one combination contributor. No Item 4.02, no restatement, no auditor resignation-with-disagreement, no NT late filing — critical governance does NOT fire. Core accounting families (accruals/revenue/capex/balance_sheet/leverage) have unavailable coverage and no present signal fires them — not flagged (absence is not a flag). Sector coverage marked complete but no fired signal present in supplied notes (legal proceedings note states no material proceedings; revenue note is standard ASC 606 platform recognition) — sector not flagged. Market partial: Form 4 activity present but no insider-selling cluster of 3+ within 30 days at >25% holdings — not flagged. Text not evaluated. Corporate action: 8-K Item 2.01 detected relates to a divestiture (Aligned/APC), not a take-private/merger/delisting structural exit, so corporate_action=null.",28179258026,complete,1
2026-06-25,AMN,DataGap,0,0,0,0,0,0,0,0,0,"No family fires. Goodwill impairment ($109.5M) is a genuine sector corroborator but the goodwill/total-assets threshold is unverifiable (financials unavailable), so sector and balance_sheet do not fire (absence is not a flag). Governance: only routine 5.02/5.07/5.03 housekeeping items and one 1.01/2.03 credit-agreement event — no 8-K 4.02, no restatement, no auditor-disagreement, no NT filing; critical governance = false. Market: insider Form 4 activity present but no clusters of 3+ sellers flagged. Text not evaluated. Required families incomplete due to data-source errors.",28198557962,fetch_failed,1
2026-06-25,ARDT,Yellow,0,0,0,0,0,1,0,0,0,"governance=1 (soft): cluster of Item 5.02 officer/director-change 8-Ks across 2025-2026 suggesting repeated management turnover; no Item 4.02, no restatement, no auditor resignation with disagreement, no NT late filing -> not critical. Financial families (accruals, revenue, capex, balance_sheet, leverage) coverage unavailable (REST 404s) and no present signal fires them. market=partial, no insider clusters, no fire. text not_evaluated. sector=complete but note bodies show no specific bad-debt/contractual-allowance/roll-up/FCA trigger, so no fire.",28198557962,complete,1
2026-06-25,AVAH,Yellow,0,0,0,0,0,0,0,0,0,"Most quantitative families (accruals, revenue, capex, balance_sheet, leverage) have unavailable coverage due to REST API 404s; no present signal clearly fires them, so they remain 0 (absence is not a flag). Governance coverage complete: 8-K history shows routine 2.02/7.01 earnings filings, two 5.07 (annual meeting votes), and several 5.02 (officer/director) filings, but no Item 4.02, no NT late filing, no restatement, and no auditor resignation with disagreement — neither critical nor clearly soft-governance turnover with sufficient detail, so governance=0. Market coverage partial: Form 4 dates cluster around Feb 17-19 (likely grant/vesting) and June 5 but the clusters array is empty and no 3+ insider sale cluster >25% holdings is identified, so market=0. Text not evaluated. Sector (hc_services, home-care): goodwill+intangibles ~60% of total assets but general balance-sheet goodwill is scored only in the sector family for roll-ups; sector Family 5 requires goodwill >50% AND a corroborator — no impairment, no disclosed negative same-store growth, no material contingent-consideration boost, leverage unverifiable — so it does not fire. No FCA/qui tam/DOJ or 340B disclosures surfaced. corporate_action null.",28198557962,fetch_failed,1
2026-06-25,BTSG,Yellow,0,0,0,0,0,1,0,0,0,"governance=1 (soft): recurring Item 5.02 management/director changes across 2024-2026 fire the soft governance family as one combination-count family; no 8-K Item 4.02, restatement, auditor-resignation-with-disagreement, or NT late filing present, so critical_governance=false. Financial families (accruals/revenue/capex/balance_sheet/leverage) all have unavailable coverage and no present signal fires them — absence is not a flag. Sector coverage complete but note excerpts contain only boilerplate risk language with no FCA/qui-tam, IBNR, bad-debt, or goodwill-impairment trigger, so sector=0. Market coverage partial; Form 4 activity present but no qualifying cluster (3+ insiders selling >25% within 30 days) detected. Corporate action 8-K Item 2.01 is an asset acquisition/disposition completion, not a structural exit (no merger/take-private/delisting), so corporate_action=null.",28198557962,complete,1
2026-06-25,CAH,Yellow,0,0,0,0,0,1,0,0,0,"Core accounting families (accruals/revenue/capex/balance_sheet/leverage) have unavailable coverage — no statements/ratios fetched, so no flag fired from absent data. Governance fired SOFT: multiple Item 5.02 management-change 8-Ks over the period (routine churn, not 6a). No Item 4.02, restatement, auditor disagreement, or NT filing — critical_governance false. Market: insider clusters empty, no fire. Sector (hc_services distributor): $675M GMPD goodwill impairment and active physician MSO roll-up (GI Alliance) are notable, but goodwill-as-%-of-assets and same-store data unavailable, so Family 5 not fired on absent data; receivables sales facility noted but not newly disclosed/expanded materially.",28198557962,complete,1
2026-06-25,CCRN,Yellow,0,0,0,0,0,1,0,0,0,"governance=1 (soft): repeated Item 5.02 officer changes constitute everyday churn, not an integrity event — no 8-K 4.02, no restatement, no auditor disagreement, no NT late filing, so critical_governance=false. Goodwill impairment disclosed for Q4 2025 but goodwill-to-total-assets ratio is unavailable, so neither general balance_sheet nor sector roll-up goodwill family can fire (goodwill % alone never fires; absent data is not a flag). Market coverage partial: Form 4 activity clustered around 12/22 and 4/2 appears to be merger-related grants/vesting, no qualifying insider-sale cluster flagged. Accruals/revenue/capex/leverage all unavailable with no present signal to fire them. Aya merger was terminated (fee received), so no live structural exit.",28198557962,complete,1
2026-06-29,AMN,Yellow,0,0,0,0,0,1,0,0,0,"governance=1 SOFT only: recurring Item 5.02 executive/board changes across 2024-2026 indicate management churn; no 8-K 4.02, no restatement, no auditor disagreement, no NT late filing, so NOT critical. No insider sale clusters (market clean). Sector family NOT fired: a $109.5M goodwill impairment was recorded (a valid corroborator) but goodwill/total-assets ratio is unavailable, so the >50% (sector) / >40% (general) structural threshold cannot be confirmed — absence of the denominator means no flag per the 'absence is not a flag' rule and the no-double-count goodwill rule. All quantitative families uncomputable due to ratios/statements 404.",28400062840,complete,1
2026-06-29,AVAH,Yellow,0,0,0,0,0,1,0,0,0,"governance=1 SOFT: repeated 8-K Item 5.02 management/board changes (Nov 2025, Feb 2026) indicate executive turnover; counts as one contributing family, not auto-Red. No 8-K Item 4.02, no restatement, no auditor disagreement, no NT filing — critical governance not triggered. Sector: goodwill+intangibles ~60% of total assets exceeds the 50% structural threshold but NO corroborator (no impairment — explicitly none in FY24/FY25, no disclosed negative same-store growth, no leverage figure available, no contingent-consideration EBITDA boost) so Family 5 does not fire; goodwill % alone never fires. Market coverage partial: recent Form 4 activity present but no insider cluster (3+ sellers >25% holdings) flagged. accruals/revenue/capex/balance_sheet/leverage all unavailable — absence is not a flag. Text not evaluated.",28400062840,complete,1
2026-06-29,CERT,Yellow,0,0,0,0,0,1,0,0,0,"governance=1 (soft): cluster of Item 5.02 leadership-change 8-Ks over the past ~18 months indicates repeated executive/board turnover; no 8-K Item 4.02, restatement, auditor-disagreement, or NT late-filing present, so not critical_governance. All accounting families (accruals, revenue, capex, balance_sheet, leverage) coverage=unavailable — no statements/ratios fetched, so no flag fired (absence is not a flag). Market coverage partial: Form 4 activity present but no insider-sale clusters identified — no fire. Text not_evaluated. Sector (hc_services/biosimulation software) coverage complete but no qualifying signals (no FCA/qui-tam, no goodwill corroborator, no roll-up organic-decline disclosure) — no fire.",28400062840,complete,1
2026-06-29,CHE,Yellow,0,0,0,0,0,0,0,0,0,"Governance (complete coverage): all 8-K items are routine — 2.02 earnings releases, 5.07 vote results, 5.02 officer/director changes, 2.01 completion of acquisition/disposition, 1.01/2.03 credit facility. No Item 4.02, no restatement, no auditor resignation/disagreement, no NT late filing. Critical governance = false; soft governance does not fire alone here. Market (partial): Form 4 activity present but the data shows no clustered insider sell signal (clusters empty); does not fire. Text not evaluated. Sector (complete): VITAS hospice is a sector-relevant subgroup but no bad-debt/contractual-allowance methodology change, no MLR/IBNR (not a payer), no new FCA/qui tam/CIA matter, no 340B issue disclosed in available note text; goodwill 43% of assets is below the 50% roll-up threshold and lacks a corroborator. No families fire.",28400062840,fetch_failed,1
2026-06-29,CI,Yellow,0,0,0,0,0,0,0,0,0,"Governance coverage complete: 8-K stream shows routine items (2.02 earnings, 5.07 votes, 7.01 reg-FD, several 5.02 officer/director changes, 1.01/2.03 debt). No Item 4.02, no restatement, no auditor resignation-with-disagreement, no NT late filing — critical governance does NOT fire; soft governance not elevated to a family flag absent repeat CFO turnover signal. Market partial: no insider clusters flagged; Form 4 dates present but no 3+ insider sell cluster >25% holdings, short interest unavailable — does not fire. Sector complete: goodwill 47% of assets is below the 50% roll-up threshold and lacks a corroborator (no impairment, no negative same-store, no >4x leverage shown); managed-care/PBM-specific signals (MLR, IBNR, risk-adjust, gross-vs-net, FCA) not present in fetched notes — does not fire. Accruals/revenue/capex/balance_sheet/leverage data unavailable; absence is not a flag.",28400062840,fetch_failed,1
2026-06-29,CLOV,Yellow,0,0,0,0,0,1,0,0,1,"sector: FIRED — managed-care/MA plan with a disclosed DOJ inquiry (Family 3 risk-adjustment / Family 9 FCA exposure). Note text confirms 'received an inquiry from the U.S. Department of Justice,' though described as previously disclosed (not fresh), so not treated as high-severity. governance: FIRED (soft) — recurring Item 5.02 officer/director changes across multiple filings indicate repeat turnover; no Item 4.02, restatement, NT filing, or auditor-disagreement, so NOT critical. market: not fired — Form 4 activity present but no insider clusters identified. Quantitative families (accruals/revenue/capex/balance_sheet/leverage) unavailable due to data fetch failures; absence is not a flag.",28400062840,complete,1
2026-06-30,CHE,DataGap,0,0,0,0,0,0,0,0,0,"Governance coverage complete: 8-K history shows only routine 5.02 officer changes, 2.02 earnings, 5.07 votes — no Item 4.02, restatement, auditor disagreement, or NT late filing, so no critical or soft governance flag. Market partial: no insider clusters (recent Form 4s but no 3+/30-day cluster >25% holdings), so no fire. Sector complete: goodwill ~43% of assets, below the 50% roll-up threshold and lacking any corroborator; no FCA/qui tam/340B/risk-adjustment issue surfaced in note excerpts. Text not_evaluated. Accruals/revenue/capex/balance_sheet/leverage all unavailable (REST endpoints 404) — no present signal to fire from absent data.",28473578151,fetch_failed,1
2026-06-30,CI,DataGap,0,0,0,0,0,0,0,0,0,"Governance coverage complete: 8-Ks show only routine items (5.02 officer changes, 2.02 earnings, 5.07 votes, 7.01/8.01, 1.01/2.03 financing). No Item 4.02, no restatement, no auditor resignation with disagreement, no NT late filing — neither critical nor soft governance combination fires. Market partial: insider Form 4 activity present but no clusters of 3+ selling >25% holdings within 30 days; no short-interest data — does not fire. Sector complete: Cigna is PBM/managed-care, not a roll-up subgroup; goodwill at 47% of assets is below the 50% roll-up threshold and lacks any corroborator (no impairment, no negative same-store, no contingent-consideration EBITDA boost, no >4x leverage shown). No DOJ/FCA/qui-tam disclosure surfaced in provided notes. Accruals/revenue/capex/balance_sheet/leverage all unavailable with no present signal that fires — absence is not a flag. Text not evaluated.",28473578151,fetch_failed,1
2026-06-30,CNC,Yellow,0,0,0,0,0,1,0,0,0,"governance=1 (soft): cluster of routine Item 5.02 officer/director changes (7 separate 5.02 8-Ks in trailing 12 months) indicates elevated management churn — contributes one family toward the combination count but is NOT critical (no 4.02, no restatement, no auditor disagreement, no NT filing). No critical governance event present. market=partial coverage: Form 4 activity present but insider.clusters empty (no 3+ insider sell cluster), so no fire. sector data marked complete but the only note bodies returned are boilerplate risk-factor/critical-estimate language — no disclosed new FCA/qui-tam, DOJ risk-adjustment expansion, reserve-release figures, or methodology change, so sector does not fire on present signals. accruals/revenue/capex/balance_sheet/leverage all unavailable (REST 404s) — absence is not a flag, so left 0. text not_evaluated.",28473578151,complete,1
2026-06-30,CON,Yellow,0,0,0,0,0,1,0,0,0,"governance=1 SOFT: recurring Item 5.02 leadership-change filings indicate repeated executive turnover following the 2024 Select Medical spin-off; no 8-K 4.02, restatement, auditor disagreement, or NT late filing present, so not critical. corporate_action: the detected Item 5.01 (2024-11-26) reflects the spin-off change-in-control completion, a structural event. No insider clustering (market partial, no fire). Sector notes are present but boilerplate (RAC/FCA standard language); goodwill not quantified and no corroborator, so sector does not fire. accruals/revenue/capex/balance_sheet/leverage data unavailable — absence not treated as a flag.",28473578151,complete,1
2026-06-30,COR,DataGap,0,0,0,0,0,0,0,0,0,"Governance coverage complete: multiple 8-K Item 5.02 events (2025-08 through 2026-06) reflect routine officer/director changes with no Item 4.02, restatement, auditor disagreement, or NT late filing — no critical governance trigger and no soft-governance combination strong enough to fire alone. Market partial: Form 4 activity present but no insider cluster (3+ insiders selling >25% within 30 days) detected. Sector (hc_services distributor) complete: no new generic-pricing/rebate investigation, no gross-vs-net reclassification, no channel inventory-day disclosure, and no FCA/qui-tam matter surfaced in fetched notes — sector family does not fire. Accruals/revenue/capex/balance_sheet/leverage all unavailable with no present signal clearly firing; absence is not a flag. Text not evaluated.",28473578151,fetch_failed,1
2026-06-30,CRL,Yellow,0,0,0,0,0,1,0,0,0,"governance=1 (soft): pattern of repeated Item 5.02 management/board changes through 2025-2026 constitutes soft governance churn — one family toward combination count, NOT critical. No 8-K Item 4.02, no restatement, no auditor disagreement, no NT late filing, so critical_governance=false. Insider Form 4 activity present but no clusters of 3+ sellers within 30 days, so market does not fire (coverage partial). Sector coverage complete but no bad-debt/risk-adjustment/FCA/340B/goodwill-corroborator signals present in the provided notes (CRL is a CRO/research-models name, not a roll-up failure mode), so sector=0. Accruals/revenue/capex/balance_sheet/leverage all unavailable — absence is not a flag.",28473578151,complete,1
2026-07-03,CHE,DataGap,0,0,0,0,0,0,0,0,0,"Financial-ratio coverage is unavailable/partial for accruals, revenue, capex, balance_sheet, leverage — no present signal fires any of them (absence != flag). Governance coverage complete: 8-K history is routine (2.02 earnings, 5.07 votes, and 5.02 officer items in 2023-2025) with no Item 4.02, restatement, auditor resignation-with-disagreement, or NT late filing — no critical governance; soft-governance 5.02 items are ordinary board/officer housekeeping and do not rise to firing the family alone. Market coverage partial: recent Form 4 activity present but no 3+ insider selling cluster. Sector (hc_services) complete: goodwill ~43% of assets, below the 50% roll-up threshold and with no corroborator (no impairment, negative same-store, contingent-consideration boost, or >4x leverage disclosed); no new FCA/qui-tam/CIA matter in fetched notes. corporate_action: 8-K Item 2.01 detected but appears to be a routine asset acquisition/disposition, not a merger/take-private/delisting, so left null.",28680837413,fetch_failed,1
2026-07-03,CI,DataGap,0,0,0,0,0,0,0,0,0,"No family fires. Governance coverage complete: 8-K history shows only routine items (2.02 earnings, 5.02 officer changes, 5.07 votes, 7.01/8.01 disclosures, 1.01/2.03 financing) — no Item 4.02, no restatement, no auditor resignation with disagreement, no NT late filing, so critical_governance=false and soft governance does not rise to a flag on its own. Sector (hc_services PBM/managed-care) coverage complete but no firing signal: goodwill 47% of assets is below the 50% roll-up threshold with no corroborator; no new DOJ/FCA/qui-tam, rebate-presentation change, IBNR/MLR, or reserve-release signal present in the data. Market partial: insider Form 4 activity present but no clusters of 3+ selling >25% and no short-interest data. Accruals/revenue/capex/balance_sheet/leverage all unavailable (REST 404s) with no present signal to fire them — absence is not a flag. Text not evaluated.",28680837413,fetch_failed,1
2026-07-03,COR,DataGap,0,0,0,0,0,0,0,0,0,"No family fires. Governance coverage complete: multiple 8-K Item 5.02 events are routine management/director changes with no Item 4.02, restatement, auditor disagreement, or NT late filing — not critical, and not enough to fire soft governance alone. Market coverage partial: recent Form 4 activity present but no insider selling clusters flagged. Accruals/revenue/capex/balance_sheet/leverage all unavailable (REST endpoints 404) — absence is not a flag, so all set 0. Sector coverage complete but no specific trigger (no new FCA/qui-tam, no gross-to-net reclassification, no channel inventory build disclosed) present in the notes. Text not evaluated.",28680837413,fetch_failed,1
2026-07-03,CVS,Yellow,0,0,0,0,0,1,0,0,0,"governance=1 (soft): multiple Item 5.02 officer/director change 8-Ks over the trailing 12+ months indicate leadership churn; no Item 4.02, no restatement, no auditor resignation-with-disagreement, no NT late filing, so NOT critical governance. Accruals/revenue/capex/balance_sheet/leverage coverage=unavailable (REST 404s) and no present signal fires them — absence is not a flag. market=partial: Form 4 activity present but no insider cluster (3+ sellers >25% within 30d) and no short-interest data. text=not_evaluated. sector=complete but no bad-debt, contractual-allowance, MLR/IBNR, roll-up goodwill, 340B, PBM gross-to-net, or FCA signal present in fetched data.",28680837413,complete,1
2026-07-03,CYH,Yellow,0,0,0,0,0,1,0,0,0,"Only governance (complete) and sector (complete) coverage present; core financial families unavailable due to REST 404 errors, so no accruals/revenue/capex/balance_sheet/leverage flags can be substantiated (absence is not a flag). Governance fires SOFT: repeated Item 5.02 executive/director changes across 2025-2026 constitute recurring turnover, but NO Item 4.02, NT late filing, restatement, or auditor-resignation-with-disagreement present — critical_governance=false. Sector goodwill/roll-up family cannot fire without financial corroborators despite goodwill note being present. Market partial with no insider clusters and no short data. Corporate action detected is Item 2.01 hospital divestitures — an ongoing asset-disposition program, not a merger/take-private/delisting structural exit, so corporate_action=null. high_severity=false (no revenue/inventory collapse or fresh FCA/qui-tam disclosed).",28680837413,complete,1
2026-07-03,DCGO,Yellow,0,0,0,0,0,1,0,0,0,"governance=1 SOFT: recurring Item 5.02 leadership transitions plus an Item 3.01 Nasdaq listing-deficiency notice. The 3.01 is a listing/structural matter (recorded as corporate_action), not a 6a critical event (no 4.02, restatement, auditor-disagreement resignation, or NT filing), so critical_governance=false. All accounting families (accruals/revenue/capex/balance_sheet/leverage) unavailable — no ratios or statements fetched, so no flags invented from absent data. Sector coverage complete but no bad-debt/reserve/FCA/goodwill corroborators present in provided notes. Market partial with no insider clusters. Text not evaluated. high_severity=false.",28680837413,complete,1
